t_D,P_wD,P_wD_gauss,ln_t_D,dP_wD
0.1,0.05205362530526776,0.05205597396735925,-2.3025850929940455,0.055986739501223806
0.11663859962413457,0.06068426367335759,0.060672897312100245,-2.1486750167597854,0.060715679486394857
0.13604562922279165,0.07074014927793133,0.07074548368409106,-1.9947649405255257,0.07077379009801113
0.1586817167753065,0.08245461871988524,0.08245849617084505,-1.840854864291266,0.08233132401012558
0.18508413230625295,0.09609849648421225,0.09608872439382299,-1.686944788057006,0.09593336860722157
0.21587954004849388,0.11198586646015958,0.11198872032233866,-1.533034711822746,0.11172253910552771
0.2517988723875859,0.13048064341786697,0.13047917341545656,-1.3791246355884865,0.12995022760830527
0.2936946786222419,0.15200402278349132,0.15199001919804586,-1.2252145593542263,0.15129721039962638
0.34256136031558543,0.17704288252583417,0.1770515037887313,-1.0713044831199665,0.17597098463383803
0.3995587735254847,0.20615919836899044,0.20615743451806942,-0.9173944068857066,0.20450376986554167
0.4660397581154927,0.24000051428162458,0.24000188540912945,-0.7634843306514465,0.23764605207802764
0.5435822475576145,0.27931147518094673,0.2793096785022696,-0.6095742544171869,0.27597520037174883
0.6340267213565981,0.324946374724645,0.32495261366509137,-0.4556641781829268,0.32024386685616374
0.7395198890331497,0.37788260290925435,0.37788719442504226,-0.3017541019486669,0.371283037344899
0.8625656425102195,0.43923475598913814,0.4392410148295733,-0.14784402571440716,0.430080964923254
1.0060844862628389,0.510269039829323,0.5102747826215265,0.006066050519852874,0.4976205655720735
1.1734828558126436,0.5924173817366213,0.5924186531954404,0.15997612675411266,0.5751189058334942
1.3687339698491698,0.687290407813383,0.687307971902721,0.3138862029883728,0.6635830149940731
1.5964721350118958,0.7966880851474761,0.7966828780464361,0.4677962792226326,0.7644163042520377
1.8621027416673983,0.9226064156030465,0.9226107152270057,0.6217063554568927,0.8789745276136164
2.171930561443469,1.0672379816543678,1.0672489511524048,0.7756164316911525,1.0082616393032025
2.533309391676265,1.2329635494292674,1.2329739667654769,0.929526507925412,1.1535259200201242
2.9548165985978776,1.422331148815702,1.4223274757293891,1.083436584159672,1.3158514816235691
3.4464567020660497,1.6380182762139823,1.638019570464772,1.2373466603939318,1.4957676202941683
4.019898833941972,1.8827720702771822,1.8827548926658146,1.3912567366281918,1.693542323671594
4.688753706216831,2.1593216817115346,2.1593260267492536,1.5451668128624518,1.9086327387609694
5.468896662756021,2.4702567488444367,2.470270513317624,1.699076889096712,2.1393421612110535
6.378844482329652,2.8178663349856685,2.817858656995573,1.8529869653309718,2.3833855014493097
7.440194876390677,3.2039340227142907,3.2039246017650065,2.006897041565231,2.6366534501062326
8.678139113128696,3.6294881533127947,3.6294737240139203,2.160807117799491,2.893227948307411
10.122059934987602,4.094511273427987,4.094518469939178,2.314717194033751,3.1451460283849153
11.806228961285125,4.597621180504099,4.597613054007125,2.468627270268011,3.3826258044619295
13.770620128861978,5.135747047009424,5.135758860812594,2.622537346502271,3.5938079509670358
16.061858477863804,5.703838451168783,5.703859565416375,2.7764474227365312,3.764821859398775
18.73432680219068,6.294660933328352,6.294646899589535,2.9303574989707912,3.8818071406060755
21.85145643108412,6.898746337395389,6.898758031291126,3.0842675752050512,3.930655974222907
25.48723277869441,7.504574228944963,7.504582020876128,3.238177651439311,3.899399190326839
29.72795139601256,8.099053903006197,8.099071684593158,3.3920877276735713,3.7806121482797663
34.67426620525241,8.668345879575648,8.66833062878394,3.545997803907831,3.5733172079141915
40.44357853175096,9.199000019401259,9.199010732351683,3.699907880142091,3.2842602743891693
47.17282363732144,9.679297084875301,9.679292127192715,3.853817956376351,2.928855660348297
55.02172089373441,10.100581057020653,10.100571528278385,4.0077280326106095,2.5307312574013965
64.17656473955168,10.458299709367436,10.458302208702854,4.16163810884487,2.117819524585426
74.8546463990892,10.752476636264962,10.75247905723708,4.3155481850791295,1.7190370010084035
87.30941131349532,10.987448371346218,10.987456440452288,4.46945826131339,1.3592859593262936
101.83647469613665,11.170895386291503,11.17089466848522,4.6233683375476495,1.0556135384921068
118.78063799215992,11.31240828921107,11.312395560818759,4.77727841378191,0.8156272953711579
138.5440727786681,11.421962671491919,11.421961186903854,4.9311884900161695,0.6376129514261674
161.59586635128028,11.508667619670112,11.50866567674266,5.08509856625043,0.5134216243085592
188.4831555626214,11.580011917465459,11.580002709579151,5.23900864248469,0.43200957755812563
219.8441131756207,11.641635831095662,11.641646930774462,5.392918718718949,0.3816901762460843
256.4230949641415,11.697497545150602,11.697494637826956,5.54682879495321,0.35273452472568295
299.08830707903934,11.750239504009429,11.750225725956428,5.700738871187469,0.3381321690415572
348.85241301652286,11.801584157656116,11.80157853365584,5.85464894742173,0.33278096949734776
406.8965692974744,11.852660074016349,11.852662414725721,6.008559023655989,0.33344790089128706
474.5984603472204,11.904228639390737,11.904220517348504,6.16246909989025,0.33837297856269327
553.5649979867009,11.956823450425064,11.956820436578113,6.316379176124508,0.3463500746868713
645.6704616610566,12.010829262486666,12.010834050146103,6.470289252358768,0.35638653451335
753.1009846681411,12.066524339012455,12.066523393969739,6.624199328593028,0.3679466954310794
878.4064422724881,12.124102619488774,12.124095458033988,6.778109404827288,0.38061402462888966
1024.560973274812,12.183685299509152,12.183684061062662,6.932019481061548,0.393804655518493
1195.0335715231445,12.245327318594347,12.245316467138503,7.085929557295808,0.4072162957209503
1393.8704228628762,12.309022336342945,12.309033443299152,7.239839633530068,0.42034804497937234
1625.7909418022618,12.374707919392113,12.374708066433895,7.393749709764328,0.432854453380029
1896.2997873341867,12.442272334988676,12.442274767135265,7.547659785998588,0.44458893578237085
2211.817516622037,12.511563276746639,12.511561500432242,7.701569862232848,0.4551727033295269
2579.832977629254,12.582398318498155,12.582386098073668,7.8554799384671075,0.464615832886811
3009.081057748375,12.654576648397512,12.654579616950748,8.009390014701369,0.4726701725947956
3509.7500073128003,12.7278910453555,12.727883502669117,8.163300090935628,0.47936449431957767
4093.723258837611,12.802139121542371,12.802137668680192,8.317210167169888,0.48481704217087773
4774.861481595675,12.87713273730925,12.877119958509498,8.471120243404147,0.489151379269465
5569.331566125399,12.952704906460252,12.952708320827101,8.625030319638407,0.49241718776334287
6495.990347153547,13.028713668189198,13.028695892324926,8.778940395872668,0.49485788754441473
7576.832172638855,13.105043196074496,13.105035551221276,8.932850472106928,0.496709263778467
8837.51094203685,13.18160248725616,13.18159301363374,9.086760548341188,0.497983912024169
10307.949004421445,13.258322489701818,13.258325034947429,9.240670624575447,0.49886283027912626
12023.047368727095,13.335152352795921,13.335153046111135,9.394580700809708,0.4994052738469052
14023.514083029642,13.412055565957607,13.412052042486566,9.548490777043968,0.4998091389584824
16356.83044453907,13.489006500538038,13.489004371470497,9.702400853278228,0.5000383153491071
19078.377973404477,13.565987350266077,13.565973912957432,9.856310929512487,0.5002346919310031
22252.752899178326,13.642985944967132,13.64298669061074,10.010221005746747,0.5004087119761276
25955.29935942055,13.719994064487567,13.7200097989745,10.164131081981006,0.5003347188915276
30273.8977010801,13.797006210991375,13.79699980006522,10.318041158215266,0.5002675786738215
35311.050330182894,13.874018782446601,13.87400224131693,10.471951234449525,0.5004127046747016
41186.31461769868,13.951029472760991,13.951036915115372,10.625861310683785,0.5004132346327882
48039.14060687397,14.028036925705276,14.028039519498863,10.779771386918044,0.500314610353342
56032.180875326776,14.105040394149865,14.105043834756568,10.933681463152306,0.5002762176703549
65355.1511118433,14.18203953945965,14.18203462109853,11.087591539386565,0.5002576900445347
76229.33303909103,14.2590343397667,14.259033233179625,11.241501615620825,0.5002456623353118
88912.82655961352,14.336024929887552,14.336020317150302,11.395411691855085,0.5001884864381604
103706.67578536879,14.413011537800143,14.413001329338018,11.549321768089346,0.5001708580552874
120962.01435279562,14.489994474115143,14.489982986937193,11.703231844323605,0.500198525302139
141088.3996182455,14.566974078232132,14.566972515661051,11.857141920557865,0.5002156882185133
164563.53354682433,14.643950649484323,14.643959456351766,12.011051996792125,0.5001420355618922
191944.60102100883,14.720924543545445,14.720926313303634,12.164962073026386,0.5001353645758835
223881.49468503697,14.797896011889158,14.797911200530411,12.318872149260645,0.5000920395261316
261132.2402182084,14.874865376594993,14.87486472115886,12.472782225494905,0.5000059345993759
304580.9881576494,14.95183288570341,14.951823103553956,12.626692301729165,0.5000638240811374
355258.9993084334,15.02879873055056,15.028794443731512,12.780602377963424,0.5000923551454008
414369.1218320706,15.105763158778556,15.105761608563153,12.934512454197685,0.5000909369522866
483314.3409797512,15.182726350456509,15.18273251219229,13.088422530431945,0.5000612653529629
563731.0791013966,15.259688387329403,15.259690543507705,13.242332606666205,0.5000341277821978
657528.0363098913,15.336649528232593,15.336653093645669,13.396242682900464,0.5000131511616
766931.4936879282,15.413609870444828,15.413604667934532,13.550152759134724,0.500014116099788
894538.1543140574,15.490569412629377,15.490567515099919,13.704062835368985,0.500004452681341
1043376.7762954965,15.567528406264312,15.567516114793845,13.857972911603245,0.5000619063408918
1216980.0606745062,15.644486787323649,15.644496647353467,14.011882987837504,0.5000558783123211
1419468.5004756874,15.721444805526897,15.721443391498722,14.165793064071764,0.49998835479713
1655648.1810605437,15.798402427789322,15.798403138959603,14.319703140306025,0.5000409521614708
1931124.8530914742,15.875359480622748,15.875366073633568,14.473613216540285,0.5000162214430593
2252436.9856395214,15.952316505600905,15.952318208480937,14.627523292774544,0.4999612382964065
2627210.9574660067,16.029273027474783,16.02926421823432,14.781433369008804,0.4999765094893291
3064342.0699601616,16.10622960759421,16.106221053862615,14.935343445243062,0.5000478895926168
3574205.6780947503,16.183186091035477,16.18318903585029,15.089253521477323,0.5000199277422227
4168903.45061602,16.260141732389354,16.260137264257523,15.243163597711582,0.499987184116932
4862550.60448075,16.337097902611227,16.337095167097466,15.397073673945842,0.5000569394675956
5671610.931081237,16.414053653491575,16.41406486760738,15.550983750180102,0.500076994629793
6615287.566142495,16.491009166019285,16.491028943830408,15.704893826414363,0.49993978661340804
7715978.7782581,16.56796509989901,16.567956408947808,15.858803902648622,0.4999647596101234
8999809.594255656,16.644920886959166,16.644928172362484,16.012713978882882,0.5000333835232224
10497251.879578304,16.72187595664135,16.72187676130328,16.166624055117143,0.4999458131733282
12243847.591358278,16.79883142726403,16.798821568799504,16.3205341313514,0.49998964174796545
14281052.370673627,16.87578704980287,16.875783649058818,16.474444207585663,0.5000242996439032
16657219.496742988,16.952742311446016,16.95273912495385,16.62835428381992,0.49999863130409405
19428747.557319336,17.029696932149534,17.0296933039809,16.78226436005418,0.4999942455738283
22661419.075365525,17.10665297893703,17.106647429859773,16.936174436288443,0.4999595815250703
26431961.864462852,17.18360661349011,17.183590938594048,17.0900845125227,0.5000003934781108
30829870.171894763,17.260563396000343,17.260557627214524,17.243994588756962,0.5000756968200344
